Symbol,Name,pe,dte,beta,eg,roe,pm,altman,sector,short,dy,dp
,,,,,,,,,,,,
A,"Agilent Technologies, Inc.",40.0,54.0,1.0,12.6,26.1,54.2,6.7,Health Care,"3,011,237.0",0.5,19.7
AAL,"American Airlines Group, Inc.",,,1.4,"100,000.0",,0.1,0.1,Industrials,"80,568,810.0",0.0,
AAP,"Advance Auto Parts, Inc.",25.1,122.7,1.3,12.7,24.2,44.6,2.8,Consumer Discretionary,"4,158,094.0",1.4,34.0
AAPL,Apple Inc.,26.2,216.4,1.3,8.8,174.6,41.8,7.1,Information Technology,"107,535,600.0",0.6,15.1
ABBV,"AbbVie, Inc.",21.0,503.5,0.7,9.0,107.7,69.5,1.9,Health Care,"13,851,010.0",3.9,82.3
ABC,AmerisourceBergen Corporation,16.2,"3,494.6",0.3,18.6,161.6,2.9,4.1,Health Care,"4,018,023.0",1.5,23.8
ABMD,"ABIOMED, Inc.",111.3,0.6,1.5,6.0,11.8,81.8,55.8,Health Care,"1,713,544.0",0.0,0.0
ABT,Abbott Laboratories,35.8,53.8,0.7,-3.0,24.1,53.9,5.5,Health Care,"13,844,970.0",1.3,46.2
ACN,Accenture Plc Class A,36.8,18.0,1.3,21.7,30.5,32.6,7.9,Information Technology,"4,557,418.0",1.0,38.4
ADBE,Adobe Incorporated,61.5,31.6,1.1,8.5,42.2,87.1,16.7,Information Technology,"5,334,071.0",0.0,0.0
ADI,"Analog Devices, Inc.",50.1,18.7,1.0,43.4,13.0,54.5,4.3,Information Technology,"7,500,949.0",1.6,77.6
ADM,Archer-Daniels-Midland Company,14.1,47.1,0.7,30.8,16.1,8.5,3.2,Consumer Staples,"6,437,410.0",2.2,30.9
ADP,"Automatic Data Processing, Inc.",30.0,111.3,0.8,14.3,35.9,46.9,1.8,Information Technology,"4,293,001.0",1.9,57.8
ADSK,"Autodesk, Inc.",111.6,360.4,1.6,29.0,154.2,89.6,4.5,Information Technology,"3,516,981.0",0.0,0.0
AEE,Ameren Corporation,23.2,140.3,0.4,6.1,10.1,28.9,0.9,Utilities,"2,751,182.0",2.5,57.2
AEP,"American Electric Power Company, Inc.",17.9,165.6,0.4,5.4,10.6,28.1,0.8,Utilities,"8,510,981.0",3.4,60.5
AES,AES Corporation,,468.9,1.1,5.6,30.3,24.3,0.9,Utilities,"11,263,940.0",2.5,
AFL,Aflac Incorporated,9.1,24.0,1.1,-12.5,12.4,,,Financials,"9,347,359.0",2.3,20.7
AIG,"American International Group, Inc.",5.3,47.6,1.2,-5.0,7.6,,,Financials,"6,706,024.0",2.3,11.8
AIZ,"Assurant, Inc.",20.8,41.2,0.5,33.0,13.9,,,Financials,"900,368.0",1.7,35.4
AJG,Arthur J. Gallagher & Co.,38.8,78.5,0.8,41.8,17.6,78.4,,Financials,"2,226,715.0",1.1,43.9
AKAM,"Akamai Technologies, Inc.",29.8,63.1,0.6,-8.4,18.5,59.6,4.3,Information Technology,"10,451,710.0",0.0,0.0
ALB,Albemarle Corporation,220.3,45.4,1.7,381.3,30.5,30.3,4.0,Materials,"2,293,766.0",0.7,147.0
ALGN,"Align Technology, Inc.",67.8,3.5,1.6,-22.6,17.1,74.7,15.3,Health Care,"2,366,833.0",0.0,0.0
ALK,"Alaska Air Group, Inc.",13.8,107.5,1.6,"100,000.0",13.1,5.4,1.1,Industrials,"3,019,158.0",0.0,0.0
ALL,Allstate Corporation,6.3,33.5,0.8,-60.0,7.8,,,Financials,"4,363,389.0",2.8,17.4
ALLE,Allegion Public Limited Company,24.8,202.1,1.0,4.4,53.7,42.0,5.2,Industrials,"1,841,372.0",1.1,27.0
AMAT,"Applied Materials, Inc.",21.3,47.0,1.5,9.6,54.3,47.2,9.4,Information Technology,"11,533,760.0",0.7,14.7
AMCR,Amcor PLC,19.0,143.7,0.8,7.8,26.9,21.2,2.0,Materials,"39,041,260.0",4.1,77.4
AMD,"Advanced Micro Devices, Inc.",56.8,9.8,1.6,55.9,12.0,48.2,24.1,Information Technology,"35,275,190.0",0.0,0.0
AME,"AMETEK, Inc.",34.6,39.6,1.3,13.7,17.2,38.0,5.9,Industrials,"1,435,034.0",0.5,18.8
AMGN,Amgen Inc.,21.9,507.1,0.5,2.2,335.6,75.2,1.9,Health Care,"17,278,530.0",3.1,68.5
AMP,"Ameriprise Financial, Inc.",13.1,97.4,1.4,6.1,45.8,57.5,,Financials,"789,845.0",1.5,19.3
AMT,American Tower Corporation,51.6,"1,023.6",0.6,-6.2,29.9,46.4,,Real Estate,"3,706,402.0",1.8,92.0
AMZN,"Amazon.com, Inc.",51.5,95.7,1.2,-95.6,0.9,42.0,5.3,Consumer Discretionary,"67,798,680.0",0.0,0.0
ANET,"Arista Networks, Inc.",54.6,1.9,1.2,39.3,30.1,63.8,17.5,Information Technology,"4,081,069.0",0.0,0.0
ANSS,"ANSYS, Inc.",77.7,19.6,1.1,5.2,14.2,85.7,13.1,Information Technology,"1,623,318.0",0.0,0.0
AON,Aon Plc Class A,54.1,982.4,1.0,9.9,306.0,,,Financials,"1,868,193.0",0.7,35.9
AOS,A. O. Smith Corporation,28.4,12.6,1.0,18.0,30.1,37.1,7.9,Industrials,"6,163,000.0",1.2,35.1
APA,APA Corp.,10.4,,4.5,140.4,270.2,41.0,0.7,Energy,"8,493,061.0",0.9,9.2
APD,"Air Products and Chemicals, Inc.",28.1,60.7,0.9,14.0,16.1,30.4,4.4,Materials,"1,820,270.0",2.3,64.0
APH,Amphenol Corporation Class A,34.4,80.1,1.3,17.8,26.6,31.3,5.7,Information Technology,"4,695,311.0",0.7,25.0
APTV,Aptiv PLC,84.9,53.5,1.9,24.4,10.9,20.8,4.6,Consumer Discretionary,"5,282,564.0",0.0,0.0
ARE,"Alexandria Real Estate Equities, Inc.",58.4,59.1,1.1,-38.5,1.9,31.7,,Real Estate,"7,810,573.0",2.0,117.3
ATO,Atmos Energy Corporation,17.2,95.7,0.6,8.4,8.5,35.7,1.0,Utilities,"6,502,808.0",2.8,48.8
ATVI,"Activision Blizzard, Inc.",19.3,22.1,0.3,-22.8,11.4,73.6,6.1,Communication Services,"18,239,570.0",0.7,13.7
AVB,"AvalonBay Communities, Inc.",35.1,75.6,1.1,-21.5,7.2,30.9,,Real Estate,"2,452,107.0",2.5,88.5
AVGO,Broadcom Inc.,35.4,161.2,1.2,32.4,77.4,54.2,3.5,Information Technology,"5,205,640.0",2.7,96.0
AVY,Avery Dennison Corporation,24.5,170.8,0.8,10.3,35.6,27.5,4.0,Materials,"888,255.0",1.2,30.1
AWK,"American Water Works Company, Inc.",27.2,151.6,0.5,0.0,10.4,38.6,1.4,Utilities,"1,940,826.0",1.3,34.7
AXP,American Express Company,16.3,184.5,1.2,-1.7,31.3,65.3,,Financials,"8,040,079.0",1.1,17.2
AZO,"AutoZone, Inc.",16.3,,0.8,21.0,,52.8,2.7,Consumer Discretionary,"455,257.0",0.0,0.0
BA,Boeing Company,,,1.4,"100,000.0",,10.4,1.5,Industrials,"10,417,100.0",0.0,
BAC,Bank of America Corp,12.5,187.8,1.4,-10.9,10.2,,,Financials,"71,088,530.0",1.8,21.8
BALL,Ball Corporation,36.4,224.9,0.5,-5.8,27.4,14.6,2.5,Materials,"6,700,698.0",0.7,26.4
BAX,Baxter International Inc.,34.0,201.7,0.4,1.5,13.2,40.8,2.5,Health Care,"6,042,669.0",1.3,42.9
BBWI,"Bath & Body Works, Inc.",11.2,,2.1,-35.4,,48.9,3.4,Consumer Discretionary,"14,731,010.0",0.8,9.2
BBY,"Best Buy Co., Inc.",9.9,130.4,1.5,-35.2,46.8,22.3,4.6,Consumer Discretionary,"12,009,870.0",2.9,28.4
BDX,"Becton, Dickinson and Company",35.9,76.4,0.4,-11.3,13.3,46.8,2.4,Health Care,"2,806,257.0",1.4,48.4
BEN,"Franklin Resources, Inc.",8.3,67.6,1.3,-4.1,15.0,71.1,,Financials,"16,509,560.0",3.8,31.3
BF.B,Brown-Forman Corporation Class B,38.7,85.6,0.7,13.4,27.2,60.6,7.8,Consumer Staples,"4,198,594.0",1.1,42.2
BIIB,Biogen Inc.,23.1,70.6,0.0,-14.7,18.5,75.0,3.5,Health Care,"1,937,677.0",0.0,0.0
BIO,"Bio-Rad Laboratories, Inc. Class A",5.4,1.7,0.8,-7.3,,57.0,4.7,Health Care,"335,345.0",0.0,0.0
BK,Bank of New York Mellon Corp,14.0,150.7,1.1,0.6,8.5,,,Financials,"8,290,966.0",2.2,31.4
BKNG,Booking Holdings Inc.,85.2,184.8,1.4,111.3,73.7,,6.0,Consumer Discretionary,"625,313.0",0.0,0.0
BKR,Baker Hughes Company Class A,,50.9,1.5,53.4,6.9,22.2,1.2,Energy,"31,839,880.0",3.0,
BLK,"BlackRock, Inc.",24.0,24.7,1.2,-14.2,13.3,79.9,,Financials,"2,291,003.0",1.8,43.2
BMY,Bristol-Myers Squibb Company,20.0,126.8,0.4,-0.2,49.2,57.7,2.3,Health Care,"27,825,590.0",3.2,64.5
BR,"Broadridge Financial Solutions, Inc.",34.8,231.7,1.0,13.3,37.8,30.3,3.2,Information Technology,"1,771,165.0",1.4,49.5
BRK.B,Berkshire Hathaway Inc. Class B,7.5,24.7,0.9,14.8,6.3,20.0,2.3,Financials,"7,360,837.0",0.0,0.0
BRO,"Brown & Brown, Inc.",34.0,53.5,0.9,5.4,14.3,95.0,,Financials,"4,128,815.0",0.5,18.4
BSX,Boston Scientific Corporation,61.8,57.3,0.9,8.0,14.0,62.8,2.9,Health Care,"13,750,560.0",0.0,0.0
BWA,BorgWarner Inc.,20.1,65.1,1.3,2.8,13.9,19.3,2.6,Consumer Discretionary,"6,888,242.0",1.5,30.3
BXP,"Boston Properties, Inc.",36.3,228.4,1.2,3.2,10.1,39.0,,Real Estate,"4,388,675.0",3.4,123.5
C,Citigroup Inc.,6.0,236.1,1.5,-29.8,7.5,,,Financials,"38,926,680.0",3.4,20.1
CAG,"Conagra Brands, Inc.",18.0,105.2,0.3,2.0,12.5,24.5,1.9,Consumer Staples,"10,205,350.0",3.8,67.9
CAH,"Cardinal Health, Inc.",,,0.6,5.9,,3.6,,Health Care,"6,463,786.0",3.8,
CARR,Carrier Global Corp.,29.0,151.1,1.1,2.5,28.0,29.1,2.9,Industrials,"8,335,350.0",0.9,27.3
CAT,Caterpillar Inc.,17.5,233.1,0.8,16.1,43.4,28.1,2.8,Industrials,"5,336,623.0",2.1,36.2
CB,Chubb Limited,10.0,30.8,0.7,26.7,12.1,,,Financials,"2,303,690.0",1.6,16.5
CBOE,Cboe Global Markets Inc,26.5,40.1,0.8,6.2,20.3,37.4,,Financials,,1.4,36.6
CBRE,"CBRE Group, Inc. Class A",20.1,50.5,1.4,15.3,23.6,20.3,,Real Estate,"5,062,756.0",0.0,0.0
CCI,Crown Castle Inc.,78.2,327.1,0.7,53.9,22.3,43.0,,Real Estate,"4,755,632.0",2.6,204.6
CCL,Carnival Corporation,,285.0,2.4,"100,000.0",-48.5,-230.0,0.1,Consumer Discretionary,"102,519,400.0",0.0,
CDAY,"Ceridian HCM Holding, Inc.",,52.8,1.5,124.2,4.2,48.1,2.1,Information Technology,"9,072,538.0",0.0,
CDNS,"Cadence Design Systems, Inc.",74.7,17.5,1.1,25.5,37.9,89.1,21.2,Information Technology,"3,747,558.0",0.0,0.0
CDW,CDW Corp.,29.1,"1,066.0",1.1,21.5,,17.1,3.1,Information Technology,"1,639,792.0",0.8,24.2
CE,Celanese Corporation,10.0,100.4,1.2,-0.3,35.9,31.1,4.0,Materials,"1,827,371.0",1.6,16.1
CEG,Constellation Energy Corporation,,73.1,1.2,36.4,6.9,-0.4,,Utilities,"4,294,423.0",,
CF,"CF Industries Holdings, Inc.",16.7,115.9,1.1,183.4,65.6,36.1,2.8,Materials,"6,320,564.0",1.7,28.3
CFG,"Citizens Financial Group, Inc.",9.2,33.3,1.3,-17.9,8.8,,,Financials,"5,426,289.0",3.3,30.2
CHD,"Church & Dwight Co., Inc.",30.9,84.6,0.4,0.7,17.7,41.3,5.0,Consumer Staples,"4,728,230.0",1.0,30.5
CHRW,"C.H. Robinson Worldwide, Inc.",17.1,110.1,0.8,38.5,46.8,7.0,6.7,Industrials,"10,051,970.0",1.9,33.0
CHTR,"Charter Communications, Inc. Class A",27.0,662.0,0.8,34.8,59.1,39.9,1.0,Communication Services,"7,980,328.0",0.0,0.0
CI,Cigna Corporation,14.6,73.1,0.7,12.1,16.0,,,Health Care,"6,870,789.0",1.7,25.4
CINF,Cincinnati Financial Corporation,6.3,6.8,0.6,-25.3,7.1,,,Financials,"4,191,858.0",2.2,13.9
CL,Colgate-Palmolive Company,33.4,"1,286.2",0.4,-5.6,582.5,59.1,7.4,Consumer Staples,"13,812,500.0",2.1,70.1
CLX,Clorox Company,37.8,561.5,0.1,4.2,124.9,35.0,3.7,Consumer Staples,"7,312,958.0",3.3,125.0
CMA,Comerica Incorporated,10.5,39.9,1.3,0.0,16.5,,,Financials,"2,613,704.0",3.1,32.7
CMCSA,Comcast Corporation Class A,16.5,111.6,0.9,11.1,16.9,55.1,1.7,Communication Services,"70,442,680.0",2.0,32.9
CME,CME Group Inc. Class A,31.3,14.7,0.6,19.4,10.2,79.4,,Financials,"3,075,906.0",3.0,93.9
CMG,"Chipotle Mexican Grill, Inc.",76.3,153.2,1.4,29.0,39.2,19.2,7.7,Consumer Discretionary,"1,184,965.0",0.0,0.0
CMI,Cummins Inc.,14.9,54.4,0.9,20.4,28.2,23.6,3.9,Industrials,"2,490,035.0",2.6,38.3
CMS,CMS Energy Corporation,14.0,188.6,0.3,8.8,12.0,20.9,1.0,Utilities,"3,874,642.0",2.7,37.4
CNC,Centene Corporation,36.1,84.6,0.4,10.8,11.4,,,Health Care,"8,796,425.0",0.0,0.0
CNP,"CenterPoint Energy, Inc.",12.2,180.9,1.0,-15.7,9.2,22.6,0.8,Utilities,"12,450,400.0",2.3,28.5
COF,Capital One Financial Corp,5.4,73.0,1.5,-27.0,13.5,,,Financials,"6,157,181.0",1.4,7.4
COO,"Cooper Companies, Inc.",7.1,25.2,0.9,-0.6,8.9,61.9,6.1,Health Care,"1,149,428.0",0.0,0.1
COP,ConocoPhillips,11.9,45.4,1.6,154.6,35.2,32.0,2.9,Energy,"15,958,970.0",2.4,28.8
COST,Costco Wholesale Corporation,40.0,64.9,0.6,18.2,27.1,12.9,6.9,Consumer Staples,"3,792,961.0",2.9,115.2
CPB,Campbell Soup Company,13.3,167.9,0.2,-4.8,25.1,32.0,2.4,Consumer Staples,"13,383,650.0",3.3,44.4
CPRT,"Copart, Inc.",37.7,14.7,1.3,20.7,22.5,49.1,22.8,Industrials,"2,093,979.0",0.0,0.0
CPT,Camden Property Trust,60.3,75.8,0.9,78.2,9.8,24.7,,Real Estate,"1,519,539.0",1.9,112.1
CRL,"Charles River Laboratories International, Inc.",48.6,116.5,1.3,6.1,18.4,34.2,3.5,Health Care,"976,911.0",0.0,0.0
CRM,"Salesforce, Inc.",156.9,24.7,1.1,-0.5,7.6,65.6,3.7,Information Technology,"12,869,800.0",0.0,0.0
CSCO,"Cisco Systems, Inc.",22.1,30.8,1.0,4.1,33.4,63.6,3.6,Information Technology,"37,079,470.0",2.6,58.4
CSX,CSX Corporation,22.4,125.3,1.2,11.9,32.1,42.2,3.0,Industrials,"25,393,270.0",1.0,22.3
CTAS,Cintas Corporation,34.2,89.7,1.6,8.2,35.7,46.2,7.8,Industrials,"1,165,984.0",1.0,32.6
CTLT,Catalent Inc,34.7,77.9,1.1,25.0,14.1,33.8,3.2,Health Care,"3,127,794.0",0.0,0.0
CTRA,Coterra Energy Inc.,8.3,29.4,0.0,118.9,30.8,56.0,1.8,Energy,"34,343,080.0",2.3,19.4
CTSH,Cognizant Technology Solutions Corporation Class A,21.9,13.8,1.1,10.0,18.7,33.9,7.5,Information Technology,"7,341,545.0",1.1,23.7
CTVA,Corteva Inc,19.9,6.2,0.7,18.2,7.2,36.6,1.9,Materials,"5,536,955.0",1.1,22.8
CTXS,"Citrix Systems, Inc.",38.8,648.6,-0.1,0.0,61.1,76.1,2.6,Information Technology,"5,328,920.0",1.6,60.8
CVS,CVS Health Corporation,17.3,101.2,0.6,1.4,14.0,17.8,2.2,Health Care,"15,757,100.0",2.0,34.4
CVX,Chevron Corporation,14.4,25.1,1.3,130.7,23.2,18.0,3.2,Energy,"18,802,880.0",4.5,65.2
CZR,Caesars Entertainment Inc,,602.5,3.1,"100,000.0",-18.7,39.7,0.7,Consumer Discretionary,"13,052,320.0",0.0,
D,Dominion Energy Inc,19.7,142.4,0.5,6.7,11.5,57.0,0.9,Utilities,"5,705,527.0",3.2,63.3
DAL,"Delta Air Lines, Inc.",89.5,892.2,1.2,"100,000.0",32.1,-1.0,0.4,Industrials,"18,327,580.0",0.0,0.0
DD,"DuPont de Nemours, Inc.",6.8,42.6,1.4,-22.0,6.1,32.2,1.3,Materials,"5,675,227.0",1.5,10.1
DE,Deere & Company,18.0,264.2,1.0,22.4,37.7,31.7,2.4,Industrials,"2,972,502.0",1.1,19.0
DFS,Discover Financial Services,6.5,150.9,1.4,-12.9,28.4,,,Financials,"3,916,708.0",1.6,10.5
DG,Dollar General Corporation,20.1,227.5,0.3,13.7,44.2,31.6,2.9,Consumer Discretionary,"4,172,271.0",0.8,16.5
DGX,Quest Diagnostics Incorporated,11.1,74.1,1.1,-32.5,17.3,38.4,4.0,Health Care,"4,785,921.0",1.4,16.0
DHI,"D.R. Horton, Inc.",7.4,36.6,1.8,49.8,30.3,28.4,5.5,Consumer Discretionary,"13,482,610.0",1.0,7.0
DHR,Danaher Corporation,38.2,51.5,0.9,3.9,15.2,61.0,5.0,Health Care,"3,892,513.0",0.3,9.8
DIS,Walt Disney Company,161.3,65.9,1.4,68.2,7.6,25.6,2.6,Communication Services,"20,739,700.0",0.0,0.0
DISH,DISH Network Corporation Class A,8.6,147.8,1.9,-32.9,7.8,30.3,1.2,Communication Services,"26,778,870.0",0.0,0.0
DLR,"Digital Realty Trust, Inc.",29.8,83.1,0.2,-81.5,1.8,26.3,,Real Estate,"7,601,076.0",2.6,78.2
DLTR,"Dollar Tree, Inc.",22.2,129.2,0.7,40.9,20.1,29.3,3.2,Consumer Discretionary,"5,313,716.0",0.0,0.0
DOV,Dover Corporation,23.5,79.0,1.3,11.1,26.2,37.6,5.1,Industrials,"1,078,310.0",1.1,25.7
DOW,"Dow, Inc.",6.8,88.8,1.3,-10.8,29.7,18.9,2.5,Materials,"13,274,660.0",4.9,33.4
DPZ,"Domino's Pizza, Inc.",41.7,,0.5,-6.9,,38.7,2.9,Consumer Discretionary,"1,456,692.0",0.7,27.8
DRE,Duke Realty Corporation,29.2,62.4,0.7,-51.1,6.5,38.9,,Real Estate,"7,079,998.0",1.6,46.5
DRI,"Darden Restaurants, Inc.",17.1,267.4,1.5,3.9,43.5,16.9,2.1,Consumer Discretionary,"4,849,027.0",3.5,59.6
DTE,DTE Energy Company,25.6,209.7,0.7,0.5,11.3,14.2,1.0,Utilities,"2,383,249.0",4.0,102.1
DUK,Duke Energy Corporation,21.2,138.8,0.4,4.1,8.5,28.3,0.6,Utilities,"7,449,849.0",3.7,78.9
DVA,DaVita Inc.,12.8,"1,585.1",0.8,-15.4,91.4,25.5,1.5,Health Care,"4,659,934.0",0.0,0.0
DVN,Devon Energy Corporation,10.5,73.0,2.7,160.4,57.9,37.9,3.1,Energy,"13,210,160.0",3.0,31.8
DXC,DXC Technology Co.,11.6,122.1,2.0,2.1,17.0,10.9,0.9,Information Technology,"7,926,748.0",0.0,0.0
DXCM,"DexCom, Inc.",347.4,83.4,1.0,19.3,11.8,68.6,13.4,Health Care,"12,153,260.0",0.0,0.0
EA,Electronic Arts Inc.,45.9,29.3,0.7,1.0,25.1,71.0,5.0,Communication Services,"3,801,883.0",0.5,24.6
EBAY,eBay Inc.,,96.5,1.2,0.3,50.1,74.7,4.3,Consumer Discretionary,"17,153,540.0",1.1,
ECL,Ecolab Inc.,60.0,126.7,1.2,1.7,18.3,41.0,4.4,Materials,"2,288,853.0",0.8,49.9
ED,"Consolidated Edison, Inc.",22.1,126.6,0.2,2.8,7.6,41.2,1.0,Utilities,"7,249,898.0",3.6,80.5
EFX,Equifax Inc.,48.6,147.7,1.5,0.6,23.0,50.0,4.1,Industrials,"2,044,919.0",0.5,25.9
EIX,Edison International,34.2,185.9,0.9,-2.5,11.7,23.5,0.7,Utilities,"4,906,050.0",3.9,134.5
EL,Estee Lauder Companies Inc. Class A,40.8,133.7,1.0,10.8,41.2,76.5,6.8,Consumer Staples,"3,365,557.0",0.7,26.6
ELV,"Elevance Health, Inc.",18.7,66.6,1.0,10.9,18.7,,,Health Care,"2,177,566.0",1.0,18.3
EMN,Eastman Chemical Company,19.3,94.1,1.5,9.6,19.0,24.0,2.8,Materials,"2,142,311.0",2.3,45.3
EMR,Emerson Electric Co.,24.6,73.2,1.4,23.0,25.9,39.6,5.0,Industrials,"4,510,808.0",2.1,52.8
ENPH,"Enphase Energy, Inc.",179.5,244.9,1.9,68.6,74.8,40.1,10.2,Information Technology,"4,761,915.0",0.0,0.0
EOG,"EOG Resources, Inc.",11.1,26.6,1.6,80.2,35.8,44.8,3.8,Energy,"5,709,718.0",2.2,24.9
EPAM,"EPAM Systems, Inc.",82.0,9.6,1.9,9.1,20.0,31.6,25.0,Information Technology,"966,548.0",0.0,0.0
EQIX,"Equinix, Inc.",152.9,137.8,0.4,33.6,6.1,60.5,,Real Estate,"1,428,148.0",1.4,207.5
EQR,Equity Residential,25.5,79.0,1.0,-60.9,4.1,26.5,,Real Estate,"4,569,659.0",2.7,68.0
ES,Eversource Energy,25.7,139.2,0.5,6.4,10.1,28.6,1.0,Utilities,"3,774,304.0",2.6,68.0
ESS,"Essex Property Trust, Inc.",46.9,106.1,1.0,-24.2,6.6,30.5,,Real Estate,"806,248.0",2.4,111.4
ETN,Eaton Corp. Plc,32.4,55.1,1.1,14.1,17.6,32.2,3.5,Industrials,"3,477,868.0",1.8,56.9
ETR,Entergy Corporation,20.3,230.8,0.7,5.5,10.6,23.1,0.8,Utilities,"3,792,461.0",3.4,69.7
ETSY,"Etsy, Inc.",64.4,387.5,2.3,-37.6,21.8,71.9,6.5,Consumer Discretionary,"13,833,500.0",0.0,0.0
EVRG,"Evergy, Inc.",17.9,122.2,0.6,0.4,8.5,31.1,0.9,Utilities,"2,547,174.0",3.2,56.8
EW,Edwards Lifesciences Corporation,54.4,11.8,1.2,13.2,24.6,76.6,20.7,Health Care,"5,543,715.0",0.0,0.0
EXC,Exelon Corporation,33.2,126.5,0.5,8.4,9.5,21.2,1.0,Utilities,"13,676,190.0",2.6,87.9
EXPD,"Expeditors International of Washington, Inc.",16.2,13.4,0.8,-1.1,34.3,14.2,7.2,Industrials,"4,319,182.0",0.9,14.0
EXPE,"Expedia Group, Inc.",,432.0,1.8,342.3,30.2,72.8,1.2,Consumer Discretionary,"6,805,396.0",0.0,
EXR,Extra Space Storage Inc.,36.6,202.7,0.7,-1.6,25.2,57.6,,Real Estate,"2,895,484.0",2.0,72.6
F,Ford Motor Company,4.7,287.5,1.5,29.4,17.7,18.0,1.1,Consumer Discretionary,"103,813,500.0",0.5,2.2
FANG,"Diamondback Energy, Inc.",8.8,56.0,2.4,131.2,32.2,62.2,2.0,Energy,"6,606,773.0",1.6,14.2
FAST,Fastenal Company,40.0,20.9,1.1,16.9,32.2,43.5,21.5,Industrials,"14,451,880.0",1.7,69.9
FBHS,"Fortune Brands Home & Security, Inc.",19.3,95.0,1.5,12.5,26.7,35.1,3.8,Industrials,"1,719,968.0",1.0,18.8
FCX,"Freeport-McMoRan, Inc.",14.4,69.9,2.1,-12.1,23.7,37.1,2.5,Materials,"27,781,650.0",0.9,12.9
FDS,FactSet Research Systems Inc.,36.7,85.2,0.7,20.4,38.0,66.3,9.4,Financials,"682,132.0",0.8,30.7
FDX,FedEx Corporation,15.6,149.1,1.0,9.7,19.8,21.6,2.5,Industrials,"3,536,977.0",1.3,20.9
FE,FirstEnergy Corp.,18.4,278.5,0.5,-7.4,14.5,26.2,0.7,Utilities,"5,348,727.0",3.8,68.9
FFIV,"F5, Inc.",37.2,30.3,1.2,-6.4,25.0,79.5,4.2,Information Technology,"2,345,932.0",0.0,0.0
FIS,"Fidelity National Information Services, Inc.",162.5,44.1,0.9,8.2,9.3,37.4,1.4,Information Technology,"6,990,417.0",1.4,232.3
FISV,"Fiserv, Inc.",52.3,71.0,0.9,16.2,12.6,49.9,1.5,Information Technology,"10,526,570.0",0.0,0.0
FITB,Fifth Third Bancorp,11.7,60.0,1.3,-5.3,13.3,,,Financials,"9,628,233.0",2.6,30.6
FLT,"FLEETCOR Technologies, Inc.",22.4,212.0,1.3,21.0,47.2,71.7,2.2,Information Technology,"844,308.0",0.0,0.0
FMC,FMC Corporation,19.3,110.0,0.7,7.4,29.1,43.6,2.8,Materials,"1,224,876.0",1.8,34.6
FOXA,Fox Corporation Class A,15.2,63.6,0.9,28.0,16.3,32.2,,Communication Services,"9,432,914.0",1.5,22.7
FRC,First Republic Bank,27.0,43.3,1.2,11.3,11.3,,,Financials,"2,491,933.0",0.4,11.2
FRT,Federal Realty Investment Trust,41.8,168.9,1.4,-22.6,6.8,38.6,,Real Estate,"1,731,058.0",3.1,130.7
FTNT,"Fortinet, Inc.",99.0,135.0,1.1,34.3,846.0,76.0,7.9,Information Technology,"10,127,180.0",0.0,0.0
FTV,Fortive Corp.,46.8,43.6,1.1,12.8,11.5,57.3,3.3,Industrials,"2,621,536.0",0.4,17.2
GD,General Dynamics Corporation,18.1,76.6,0.7,5.4,18.3,16.7,3.2,Industrials,"2,910,229.0",2.3,41.2
GE,General Electric Company,,94.4,1.1,60.7,8.3,27.8,1.5,Industrials,"14,299,580.0",0.3,
GILD,"Gilead Sciences, Inc.",14.7,129.5,0.0,-9.2,38.3,75.9,2.5,Health Care,"14,155,840.0",3.9,57.6
GIS,"General Mills, Inc.",15.8,113.6,0.1,1.4,22.3,33.1,2.9,Consumer Staples,"14,855,830.0",2.9,46.2
GL,Globe Life Inc.,13.0,23.4,0.8,17.2,12.8,,,Financials,"1,288,398.0",0.8,10.9
GLW,Corning Inc,29.1,63.5,0.9,7.2,15.6,35.3,2.6,Information Technology,"12,630,200.0",2.6,75.1
GM,General Motors Company,8.7,185.1,1.3,-3.6,14.1,20.3,1.2,Consumer Discretionary,"25,891,810.0",0.0,0.0
GNRC,Generac Holdings Inc.,42.4,49.0,1.3,25.8,28.1,35.0,7.2,Industrials,"5,557,711.0",0.0,0.0
GOOGL,Alphabet Inc. Class A,25.8,11.3,1.1,-6.8,24.6,56.9,13.3,Communication Services,"47,636,870.0",0.0,0.0
GPC,Genuine Parts Company,22.5,99.7,1.1,15.3,29.2,33.6,3.2,Consumer Discretionary,"1,773,380.0",2.3,52.3
GPN,Global Payments Inc.,41.1,49.3,1.1,16.1,10.8,55.7,1.6,Information Technology,"3,666,892.0",0.7,27.1
GRMN,Garmin Ltd.,24.0,1.5,0.9,-14.1,16.1,58.0,11.3,Consumer Discretionary,"2,619,778.0",1.9,46.7
GS,"Goldman Sachs Group, Inc.",6.4,486.0,1.4,-41.4,11.3,,,Financials,"5,245,849.0",1.7,10.9
GWW,"W.W. Grainger, Inc.",25.9,147.4,1.2,40.7,55.8,35.8,8.8,Industrials,"1,132,732.0",1.2,32.0
HAL,Halliburton Company,14.0,153.9,2.3,85.7,22.8,13.2,2.7,Energy,"18,278,410.0",0.8,11.0
HAS,"Hasbro, Inc.",31.6,138.8,0.6,-2.3,23.5,48.8,2.8,Consumer Discretionary,"4,302,367.0",2.8,87.8
HBAN,Huntington Bancshares Incorporated,17.2,40.9,1.1,55.9,12.3,,,Financials,"44,549,900.0",3.9,67.5
HCA,HCA Healthcare Inc,12.1,,1.9,-1.6,,16.5,2.8,Health Care,"3,563,795.0",0.7,9.1
HD,"Home Depot, Inc.",23.6,,0.9,6.0,,32.1,7.6,Consumer Discretionary,"7,968,575.0",1.8,42.5
HES,Hess Corporation,41.0,145.1,1.4,317.0,31.4,33.8,1.9,Energy,"7,347,351.0",1.4,55.3
HIG,"Hartford Financial Services Group, Inc.",10.4,27.7,1.0,18.7,15.0,,,Financials,"2,288,334.0",2.1,21.7
HII,"Huntington Ingalls Industries, Inc.",13.8,126.2,0.5,13.0,19.5,14.4,2.1,Industrials,"819,939.0",2.5,34.1
HLT,Hilton Worldwide Holdings Inc,106.9,,1.4,108.0,,25.2,1.6,Consumer Discretionary,"4,969,086.0",0.0,0.0
HOLX,"Hologic, Inc.",10.6,74.5,1.1,-31.0,29.0,66.6,4.3,Health Care,"8,090,910.0",0.0,0.0
HON,Honeywell International Inc.,26.4,111.1,1.0,7.6,32.5,37.1,3.8,Industrials,"5,149,942.0",1.8,47.6
HPE,Hewlett Packard Enterprise Co.,5.7,73.0,1.1,3.9,12.5,32.7,0.7,Information Technology,"28,919,050.0",3.3,18.6
HPQ,HP Inc.,5.7,,0.9,14.0,,21.1,2.3,Information Technology,"50,347,710.0",2.6,14.5
HRL,Hormel Foods Corporation,25.5,48.7,0.2,8.0,13.3,17.2,4.5,Consumer Staples,"11,229,330.0",2.3,59.0
HSIC,"Henry Schein, Inc.",17.0,35.5,0.8,7.3,14.5,29.6,4.2,Health Care,"3,898,364.0",0.0,0.0
HST,"Host Hotels & Resorts, Inc.",,84.7,1.3,"100,000.0",9.0,-2.3,,Real Estate,"23,467,800.0",0.0,
HSY,Hershey Company,27.2,195.0,0.4,14.1,55.4,44.2,4.9,Consumer Staples,"2,563,691.0",1.8,47.9
HUM,Humana Inc.,20.5,82.2,0.7,20.4,16.7,,,Health Care,"1,653,872.0",0.6,12.4
HWM,Howmet Aerospace Inc.,54.1,123.9,1.5,40.1,15.9,22.8,2.2,Industrials,"7,852,113.0",0.1,6.8
IBM,International Business Machines Corporation,21.1,291.7,0.6,17.5,35.6,53.7,2.8,Information Technology,"23,111,990.0",4.9,103.2
ICE,"Intercontinental Exchange, Inc.",19.0,62.7,1.1,4.1,12.5,72.6,,Financials,"7,468,204.0",1.0,18.4
IDXX,"IDEXX Laboratories, Inc.",76.5,149.4,1.1,-7.9,108.4,59.1,23.5,Health Care,"1,656,266.0",0.0,0.0
IEX,IDEX Corporation,40.2,46.4,1.0,15.6,20.6,49.2,7.3,Industrials,"1,096,202.0",0.9,36.7
IFF,International Flavors & Fragrances Inc.,136.6,57.9,1.2,1.6,7.0,25.7,1.8,Materials,"3,127,452.0",2.1,282.9
ILMN,"Illumina, Inc.",75.4,23.6,1.1,-30.3,5.6,69.7,9.0,Health Care,"2,980,047.0",0.0,0.0
INCY,Incyte Corporation,17.2,1.6,0.6,-49.0,11.9,93.7,9.4,Health Care,"5,954,708.0",0.0,0.0
INTC,Intel Corporation,10.6,40.4,0.6,-58.0,9.1,55.2,3.4,Information Technology,"66,959,840.0",2.7,28.6
INTU,Intuit Inc.,70.2,25.1,1.3,20.4,22.7,81.0,17.8,Information Technology,"2,568,091.0",0.4,31.2
IP,International Paper Company,16.4,88.6,0.7,42.2,18.6,23.0,2.3,Materials,"15,749,310.0",4.3,69.9
IPG,"Interpublic Group of Companies, Inc.",15.7,136.1,1.1,4.3,28.0,15.3,1.5,Communication Services,"12,334,820.0",2.9,45.2
IQV,IQVIA Holdings Inc,57.0,211.3,1.4,12.1,32.8,24.4,2.6,Health Care,"1,669,981.0",0.0,0.0
IR,Ingersoll Rand Inc.,55.2,39.3,1.5,10.0,10.3,32.1,3.2,Industrials,"9,396,219.0",0.0,1.8
IRM,"Iron Mountain, Inc.",33.8,"1,367.9",0.9,15.6,87.7,42.8,,Real Estate,"17,040,520.0",4.7,159.9
ISRG,"Intuitive Surgical, Inc.",77.1,0.7,1.3,-6.3,12.5,69.0,49.8,Health Care,"3,849,117.0",0.0,0.0
IT,"Gartner, Inc.",36.3,876.0,1.5,-0.6,"1,696.5",65.0,3.8,Information Technology,"1,318,274.0",0.0,0.0
ITW,Illinois Tool Works Inc.,29.0,217.4,1.1,6.4,84.4,40.4,7.7,Industrials,"5,603,386.0",1.9,55.4
IVZ,Invesco Ltd.,7.7,62.7,1.3,-37.5,5.9,66.4,,Financials,"7,731,818.0",2.9,22.2
J,Jacobs Engineering Group Inc.,43.7,64.4,0.7,10.6,14.8,20.3,2.9,Industrials,"2,318,127.0",0.6,27.3
JBHT,"J.B. Hunt Transport Services, Inc.",28.6,47.6,1.1,35.4,28.1,11.0,6.8,Industrials,"2,971,948.0",0.6,16.5
JCI,Johnson Controls International plc,30.0,51.9,1.2,13.7,12.1,34.0,2.1,Industrials,"7,392,599.0",1.6,47.1
JKHY,"Jack Henry & Associates, Inc.",39.7,12.2,0.5,17.5,26.5,39.5,9.5,Information Technology,"1,915,953.0",1.1,43.2
JNJ,Johnson & Johnson,21.9,46.9,0.5,3.1,33.7,68.1,4.5,Health Care,"11,879,850.0",2.4,53.7
JNPR,"Juniper Networks, Inc.",46.9,43.5,1.0,6.3,13.5,58.7,1.9,Information Technology,"11,223,470.0",2.2,105.0
JPM,JPMorgan Chase & Co.,10.3,193.1,1.1,-27.3,12.4,,,Financials,"16,582,870.0",2.4,24.7
K,Kellogg Company,14.8,207.8,0.3,2.2,31.4,31.7,2.6,Consumer Staples,"13,391,230.0",3.6,53.2
KDP,Keurig Dr Pepper Inc.,24.5,53.7,0.7,5.5,9.3,50.4,1.7,Consumer Staples,"15,707,090.0",1.9,47.4
KEY,KeyCorp,8.8,77.4,1.2,-15.5,15.3,,,Financials,"13,082,180.0",3.2,28.5
KEYS,Keysight Technologies Inc,37.7,53.5,1.0,15.0,31.3,62.1,7.0,Information Technology,"3,010,309.0",0.0,0.0
KHC,Kraft Heinz Company,43.1,45.5,0.6,-8.3,6.7,33.0,1.0,Consumer Staples,"14,747,170.0",4.5,195.4
KIM,Kimco Realty Corporation,15.4,80.2,1.6,6.0,4.2,40.4,,Real Estate,"14,427,030.0",2.8,42.5
KLAC,KLA Corporation,14.6,483.4,1.2,16.6,192.6,60.3,4.5,Information Technology,"7,488,618.0",1.3,19.2
KMB,Kimberly-Clark Corporation,26.7,"1,769.8",0.3,-8.4,215.3,31.6,3.8,Consumer Staples,"7,404,519.0",3.2,85.2
KMI,Kinder Morgan Inc Class P,20.3,109.1,1.0,-10.6,8.7,36.3,0.8,Energy,"34,888,640.0",6.8,137.3
KMX,"CarMax, Inc.",15.7,371.1,1.6,-19.8,18.1,9.6,2.2,Consumer Discretionary,"12,653,790.0",0.0,0.0
KO,Coca-Cola Company,26.3,192.3,0.6,6.3,43.2,60.0,4.1,Consumer Staples,"26,732,780.0",2.8,74.6
KR,Kroger Co.,20.0,216.3,0.3,6.3,27.1,20.0,3.9,Consumer Staples,"21,934,920.0",1.9,37.3
L,Loews Corporation,9.5,103.3,0.9,,,,,Financials,"1,682,691.0",0.4,4.1
LDOS,"Leidos Holdings, Inc.",16.9,135.3,0.6,-3.7,20.8,14.7,2.4,Industrials,"923,070.0",1.6,26.6
LEN,Lennar Corporation Class A,7.4,31.4,1.7,15.7,20.5,27.1,4.2,Consumer Discretionary,"12,277,220.0",1.0,7.0
LH,Laboratory Corporation of America Holdings,12.9,61.7,1.1,-29.6,17.5,32.6,3.9,Health Care,"2,087,826.0",0.0,0.0
LHX,L3Harris Technologies Inc,23.5,41.3,0.6,3.8,13.3,30.2,2.5,Industrials,"1,893,023.0",1.8,41.2
LIN,Linde plc,47.3,34.6,1.0,11.9,14.8,28.0,3.8,Materials,"3,857,365.0",1.2,57.8
LKQ,LKQ Corporation,16.4,73.2,1.3,0.1,19.8,38.7,3.8,Consumer Discretionary,"5,153,448.0",0.4,6.8
LLY,Eli Lilly and Company,45.1,188.0,0.4,-1.8,68.8,74.2,5.4,Health Care,"4,964,746.0",1.2,55.5
LMT,Lockheed Martin Corporation,15.6,126.6,0.5,-2.7,49.5,15.8,4.1,Industrials,"2,652,169.0",3.0,46.6
LNC,Lincoln National Corporation,9.2,33.5,1.9,3.1,10.8,,,Financials,"4,962,408.0",2.5,23.0
LNT,Alliant Energy Corp,23.4,131.9,0.5,5.1,11.0,24.5,1.2,Utilities,"2,405,430.0",2.6,61.2
LOW,"Lowe's Companies, Inc.",19.5,,1.1,11.9,,31.6,4.7,Consumer Discretionary,"12,900,430.0",1.3,24.9
LRCX,Lam Research Corporation,13.7,79.7,1.2,13.8,64.8,45.7,,Information Technology,"1,738,445.0",1.3,18.3
LUMN,"Lumen Technologies, Inc.",6.6,257.9,1.0,-14.2,10.7,35.4,0.7,Communication Services,"147,464,400.0",8.0,52.5
LUV,Southwest Airlines Co.,26.7,117.9,0.7,"100,000.0",11.8,7.3,1.7,Industrials,"9,671,922.0",0.0,0.0
LVS,Las Vegas Sands Corp.,,749.6,1.2,"100,000.0",-20.1,13.4,1.2,Consumer Discretionary,"17,564,010.0",0.0,
LW,"Lamb Weston Holdings, Inc.",49.4,792.0,0.7,34.6,95.2,20.3,3.6,Consumer Staples,"2,407,226.0",1.4,69.7
LYB,LyondellBasell Industries NV,5.5,114.7,1.2,-6.0,39.3,18.9,3.1,Materials,"4,348,478.0",4.8,26.5
LYV,"Live Nation Entertainment, Inc.",,,1.4,"100,000.0",,23.9,1.2,Communication Services,"14,662,410.0",0.0,
MA,Mastercard Incorporated Class A,41.0,200.7,1.1,25.9,151.0,,10.2,Information Technology,"4,764,535.0",0.5,20.7
MAA,"Mid-America Apartment Communities, Inc.",49.8,75.8,0.8,-2.4,9.0,29.1,,Real Estate,"2,434,444.0",1.8,90.3
MAR,"Marriott International, Inc. Class A",49.5,805.2,1.8,99.3,173.6,18.6,2.5,Consumer Discretionary,"4,968,305.0",0.0,0.0
MAS,Masco Corporation,43.4,,1.1,12.8,,34.2,4.4,Industrials,"5,569,505.0",1.4,60.9
MCD,McDonald's Corporation,26.7,,0.7,6.2,,53.9,4.6,Consumer Discretionary,"6,071,707.0",2.0,52.3
MCHP,Microchip Technology Incorporated,33.1,133.2,1.6,22.6,45.7,51.7,3.7,Information Technology,"13,278,780.0",1.2,40.1
MCK,McKesson Corporation,42.3,,0.5,1.8,,4.8,4.9,Health Care,"2,093,792.0",0.6,25.3
MCO,Moody's Corporation,33.1,292.4,1.1,-22.7,68.1,69.5,6.1,Financials,"3,222,750.0",0.6,21.0
MDLZ,"Mondelez International, Inc. Class A",21.8,71.3,0.5,4.3,14.4,37.1,2.7,Consumer Staples,"13,358,770.0",2.0,43.7
MDT,Medtronic Plc,28.0,47.5,0.8,0.0,13.5,62.9,3.4,Health Care,"9,770,783.0",2.4,67.6
MET,"MetLife, Inc.",8.6,27.0,1.1,-19.8,12.9,,,Financials,"8,307,536.0",3.0,26.0
META,Meta Platforms Inc. Class A,24.4,11.6,1.3,-27.4,20.3,80.8,16.0,Communication Services,"24,416,110.0",0.0,0.0
MGM,MGM Resorts International,18.6,408.0,2.5,"100,000.0",2.7,36.1,0.9,Consumer Discretionary,"17,623,280.0",0.0,0.4
MHK,"Mohawk Industries, Inc.",12.2,32.4,1.2,-2.8,10.3,29.3,3.3,Consumer Discretionary,"1,769,884.0",0.0,0.0
MKC,"McCormick & Company, Incorporated",30.7,122.9,0.7,-0.6,16.5,39.7,2.6,Consumer Staples,"7,392,866.0",1.6,48.6
MKTX,MarketAxess Holdings Inc.,60.8,8.5,0.9,-0.6,23.6,84.0,,Financials,"599,753.0",0.6,39.0
MLM,"Martin Marietta Materials, Inc.",38.9,84.9,0.8,6.7,11.4,24.7,3.0,Materials,"1,328,976.0",0.5,20.9
MMC,"Marsh & McLennan Companies, Inc.",28.4,119.6,1.0,9.8,30.7,,,Financials,"4,872,855.0",1.2,33.8
MMM,3M Company,17.6,121.7,0.9,2.7,38.8,47.0,4.7,Industrials,"8,027,775.0",3.3,58.5
MNST,Monster Beverage Corporation,37.3,0.3,0.8,-8.1,17.3,56.1,27.0,Consumer Staples,"6,018,442.0",0.0,0.0
MO,Altria Group Inc,35.5,,0.7,5.0,,66.3,3.8,Consumer Staples,"16,897,590.0",7.4,263.6
MOH,"Molina Healthcare, Inc.",28.3,96.0,0.6,30.6,28.6,,,Health Care,"1,111,956.0",0.0,0.0
MOS,Mosaic Company,9.2,41.5,1.6,168.3,34.6,25.8,2.6,Materials,"9,806,320.0",0.7,6.4
MPC,Marathon Petroleum Corporation,23.8,102.7,1.8,745.5,40.7,5.7,2.4,Energy,"16,081,260.0",3.6,86.3
MPWR,"Monolithic Power Systems, Inc.",97.6,0.5,0.9,68.8,35.5,56.8,41.7,Information Technology,"1,070,694.0",0.5,47.5
MRK,"Merck & Co., Inc.",14.9,90.7,0.4,22.6,40.9,72.5,3.4,Health Care,"16,789,910.0",3.4,51.3
MRNA,"Moderna, Inc.",9.0,6.5,1.7,-5.8,44.5,84.5,9.1,Health Care,"14,731,990.0",0.0,0.0
MRO,Marathon Oil Corporation,13.7,38.4,2.8,222.6,29.1,38.2,2.4,Energy,"21,025,210.0",1.1,15.0
MS,Morgan Stanley,12.2,306.2,1.5,-17.6,12.3,,,Financials,"19,607,000.0",2.1,26.2
MSCI,MSCI Inc. Class A,70.5,,1.0,12.8,,77.1,7.3,Financials,"501,730.0",0.6,41.9
MSFT,Microsoft Corporation,26.6,47.1,0.9,10.2,36.8,68.4,7.7,Information Technology,"38,192,350.0",1.0,25.7
MSI,"Motorola Solutions, Inc.",37.9,,1.0,10.1,"1,480.0",46.7,3.7,Information Technology,"1,324,149.0",1.1,40.7
MTB,M&T Bank Corporation,11.1,22.1,0.8,-3.5,9.4,,,Financials,"3,648,389.0",2.9,32.6
MTCH,"Match Group, Inc.",142.5,,1.2,82.7,269.9,69.5,3.2,Communication Services,"8,504,156.0",0.0,0.0
MTD,Mettler-Toledo International Inc.,51.8,"1,050.6",1.0,14.5,"7,160.7",56.7,12.0,Health Care,"366,746.0",0.0,0.0
MU,"Micron Technology, Inc.",14.4,16.6,1.0,37.6,18.5,37.5,5.6,Information Technology,"35,051,180.0",0.1,1.9
NCLH,Norwegian Cruise Line Holdings Ltd.,,540.6,2.7,"100,000.0",-109.9,-249.2,-0.5,Consumer Discretionary,"42,912,390.0",0.0,
NDAQ,"Nasdaq, Inc.",29.8,97.8,1.1,4.6,23.6,53.4,,Financials,"2,204,806.0",1.0,29.9
NDSN,Nordson Corporation,32.9,44.1,0.9,20.3,23.0,56.1,8.0,Industrials,"665,334.0",0.7,21.7
NEE,"NextEra Energy, Inc.",51.5,148.9,0.6,12.4,12.9,41.7,1.7,Utilities,"23,522,760.0",1.6,85.0
NEM,Newmont Corporation,42.6,28.6,0.4,-10.3,9.7,19.5,2.3,Materials,"11,635,100.0",3.5,151.1
NFLX,"Netflix, Inc.",53.6,114.3,1.3,-9.7,22.7,41.6,7.1,Communication Services,"10,851,930.0",0.0,0.0
NI,NiSource Inc,21.7,141.6,0.4,5.7,8.7,56.3,0.6,Utilities,"12,756,760.0",3.2,69.3
NKE,"NIKE, Inc. Class B",31.7,82.6,1.0,-0.1,38.3,46.1,6.8,Consumer Discretionary,"14,638,380.0",1.0,31.7
NLOK,NortonLifeLock Inc.,19.0,,0.8,3.7,442.7,82.4,1.7,Information Technology,"17,960,210.0",1.9,35.3
NLSN,Nielsen Holdings Plc,15.6,175.2,1.5,4.5,18.2,50.7,1.2,Industrials,"17,120,840.0",1.2,18.3
NOC,Northrop Grumman Corp.,8.9,113.4,0.5,-3.4,27.4,20.4,2.8,Industrials,"1,737,962.0",1.6,14.1
NOW,"ServiceNow, Inc.",573.4,59.9,0.9,23.4,29.6,77.1,11.6,Information Technology,"3,193,549.0",0.0,0.0
NRG,"NRG Energy, Inc.",4.8,230.2,1.1,-0.9,57.3,10.2,1.8,Utilities,"15,129,020.0",3.0,14.6
NSC,Norfolk Southern Corporation,24.6,108.4,1.4,12.8,25.0,39.2,2.8,Industrials,"3,046,987.0",1.4,34.3
NTAP,"NetApp, Inc.",17.9,350.8,1.1,2.9,119.6,66.6,2.3,Information Technology,"5,406,330.0",2.7,48.9
NTRS,Northern Trust Corporation,16.8,70.2,1.1,5.4,14.8,,,Financials,"3,443,846.0",2.3,39.2
NUE,Nucor Corporation,4.9,41.2,1.4,30.5,40.9,30.3,5.6,Materials,"7,143,029.0",1.5,7.4
NVDA,NVIDIA Corporation,59.4,43.9,1.3,-2.9,35.4,64.9,22.1,Information Technology,"33,395,680.0",0.1,4.2
NVR,"NVR, Inc.",18.4,53.0,1.1,46.2,50.1,22.6,9.6,Consumer Discretionary,"63,020.0",0.0,0.0
NWL,Newell Brands Inc,16.3,134.6,0.6,0.7,19.0,31.5,1.4,Consumer Discretionary,"20,951,930.0",4.2,68.8
NWSA,News Corporation Class A,14.8,48.8,1.4,-23.7,6.0,44.0,,Communication Services,"4,196,318.0",1.3,19.0
NXPI,NXP Semiconductors NV,33.0,165.6,1.5,31.3,50.1,49.5,3.2,Information Technology,"5,087,355.0",1.0,32.6
O,Realty Income Corporation,82.6,68.9,0.9,56.5,3.1,50.5,,Real Estate,"17,382,900.0",4.0,328.3
ODFL,"Old Dominion Freight Line, Inc.",40.3,5.5,0.8,32.8,33.5,32.8,25.0,Industrials,"3,904,167.0",0.2,9.0
OGN,Organon & Co.,5.7,,0.4,-23.2,,62.5,1.6,Health Care,"5,589,378.0",1.8,10.5
OKE,"ONEOK, Inc.",17.5,228.7,1.9,12.3,27.8,17.5,2.0,Energy,"6,725,896.0",6.4,111.7
OMC,Omnicom Group Inc,11.2,210.2,1.1,-0.5,43.4,17.7,1.6,Communication Services,"9,893,472.0",3.8,42.9
ON,ON Semiconductor Corporation,29.9,70.9,1.8,73.6,34.8,38.8,5.3,Information Technology,"22,419,320.0",0.0,0.0
ONL,"Orion Office REIT, Inc.",,56.8,0.5,"-100,000.0",,28.1,,Real Estate,"4,624,818.0",0.0,
ORCL,Oracle Corporation,29.8,,0.7,7.1,,76.4,1.6,Information Technology,"16,645,550.0",1.8,53.1
ORLY,"O'Reilly Automotive, Inc.",22.7,,1.1,2.4,,50.3,3.8,Consumer Discretionary,"729,466.0",0.0,0.0
OTIS,Otis Worldwide Corporation,30.1,,0.7,6.0,,29.4,3.1,Industrials,"6,811,159.0",1.1,31.9
OXY,Occidental Petroleum Corporation,18.4,149.5,2.1,319.8,43.8,29.3,0.9,Energy,"61,468,610.0",0.1,2.5
PARA,Paramount Global Class B,4.4,87.6,1.8,-33.2,5.4,36.6,1.5,Communication Services,"54,809,350.0",3.2,14.0
PAYC,"Paycom Software, Inc.",123.3,6.7,1.5,28.4,28.3,74.8,7.3,Information Technology,"1,106,047.0",0.0,0.0
PAYX,"Paychex, Inc.",32.3,29.4,1.1,9.5,43.1,70.6,5.5,Information Technology,"9,730,095.0",2.2,72.2
PCAR,PACCAR Inc,16.6,91.5,0.7,44.5,21.2,13.9,2.6,Industrials,"3,428,014.0",1.5,25.6
PEAK,"Healthpeak Properties, Inc.",222.2,100.6,1.0,-51.8,3.9,23.1,,Real Estate,"8,727,366.0",3.3,738.9
PEG,Public Service Enterprise Group Inc,,136.3,0.6,-4.8,11.5,10.5,1.1,Utilities,"6,964,617.0",3.1,
PENN,"PENN Entertainment, Inc.",21.6,283.2,2.3,-48.7,5.4,40.9,0.9,Consumer Discretionary,"9,841,280.0",0.0,0.0
PEP,"PepsiCo, Inc.",31.0,264.2,0.6,6.6,46.9,53.5,4.0,Consumer Staples,"9,720,623.0",2.5,77.4
PFE,Pfizer Inc.,15.2,53.6,0.8,46.8,36.9,57.7,3.7,Health Care,"59,897,990.0",2.7,40.5
PFG,"Principal Financial Group, Inc.",11.5,29.0,1.3,-6.8,11.9,,,Financials,"10,458,020.0",3.4,38.9
PG,Procter & Gamble Company,24.8,69.3,0.4,2.1,29.4,47.7,5.3,Consumer Staples,"13,206,270.0",2.4,60.7
PGR,Progressive Corporation,18.1,27.9,0.4,27.8,17.0,,,Financials,"5,472,177.0",0.4,7.1
PH,Parker-Hannifin Corporation,24.4,129.7,1.5,-0.3,18.8,28.2,,Industrials,"1,426,707.0",1.8,43.8
PHM,"PulteGroup, Inc.",7.7,36.7,1.6,50.7,29.3,27.0,4.3,Consumer Discretionary,"9,794,577.0",1.0,7.7
PKG,Packaging Corporation of America,15.4,75.7,0.5,22.2,25.3,24.2,4.0,Materials,"1,999,205.0",2.9,45.3
PKI,"PerkinElmer, Inc.",24.9,73.0,1.0,-32.0,13.1,52.9,3.1,Health Care,"6,312,841.0",0.1,3.5
PLD,"Prologis, Inc.",43.9,54.9,0.8,9.8,8.7,43.0,,Real Estate,"17,041,100.0",1.5,65.7
PM,Philip Morris International Inc.,16.3,,0.5,-8.2,,67.7,4.7,Consumer Staples,"8,922,579.0",5.2,84.1
PNC,"PNC Financial Services Group, Inc.",15.8,61.8,1.2,14.7,13.4,,,Financials,"5,595,759.0",2.4,37.8
PNR,Pentair plc,22.1,40.6,1.1,9.2,22.1,35.0,4.7,Industrials,"4,415,804.0",1.1,24.5
PNW,Pinnacle West Capital Corporation,12.9,138.6,0.4,-26.7,7.5,21.8,0.7,Utilities,"2,858,913.0",4.7,61.1
POOL,Pool Corporation,35.5,133.3,0.9,23.3,,30.5,9.4,Consumer Discretionary,"3,260,688.0",0.5,18.7
PPG,"PPG Industries, Inc.",28.7,118.8,1.3,-0.2,23.6,35.2,4.1,Materials,"2,472,587.0",1.3,37.6
PPL,PPL Corporation,178.2,82.2,0.8,34.4,6.7,28.2,1.2,Utilities,"11,913,930.0",5.5,984.0
PRU,"Prudential Financial, Inc.",5.5,48.9,1.4,-31.3,10.1,,,Financials,"9,307,519.0",4.2,23.6
PSA,Public Storage,38.0,80.1,0.5,7.9,28.2,50.8,,Real Estate,"2,329,374.0",2.1,81.1
PSX,Phillips 66,24.4,81.0,1.5,179.6,28.0,3.0,3.1,Energy,"10,883,660.0",5.0,122.1
PTC,PTC Inc.,29.7,80.9,1.2,13.0,25.5,77.8,4.3,Information Technology,"1,826,858.0",0.0,0.0
PVH,PVH Corp.,7.0,74.7,2.0,-15.4,10.6,58.2,2.1,Consumer Discretionary,"2,004,565.0",0.0,0.3
PWR,"Quanta Services, Inc.",34.3,78.3,0.9,27.9,17.0,13.8,3.0,Industrials,"6,292,898.0",0.2,7.5
PXD,Pioneer Natural Resources Company,21.1,34.3,1.6,153.4,30.2,38.3,2.9,Energy,"5,673,346.0",1.3,26.7
PYPL,"PayPal Holdings, Inc.",53.6,45.2,1.7,-14.7,20.4,47.4,3.4,Information Technology,"22,432,580.0",0.0,0.0
QCOM,Qualcomm Incorporated,17.0,163.8,1.1,47.1,83.4,57.5,5.1,Information Technology,"15,580,580.0",2.0,33.8
QRVO,"Qorvo, Inc.",13.1,46.7,1.4,-32.7,19.4,49.3,4.2,Information Technology,"2,195,164.0",0.0,0.0
RCL,Royal Caribbean Group,,426.6,2.8,"100,000.0",-57.1,-159.5,0.0,Consumer Discretionary,"16,187,260.0",0.0,
RE,"Everest Re Group, Ltd.",7.9,32.0,0.7,14.6,14.2,,,Financials,"457,805.0",2.3,17.9
REG,Regency Centers Corporation,35.6,71.2,1.3,1.7,6.2,46.0,,Real Estate,"3,513,866.0",3.2,113.8
REGN,"Regeneron Pharmaceuticals, Inc.",8.8,14.4,0.1,-43.9,18.0,83.1,9.5,Health Care,"3,068,454.0",0.0,0.0
RF,Regions Financial Corporation,8.7,16.0,1.2,-7.1,13.6,,,Financials,"16,757,140.0",3.0,26.1
RHI,Robert Half International Inc.,20.8,19.2,1.5,17.4,39.7,40.9,8.2,Industrials,"6,111,142.0",1.4,28.4
RJF,"Raymond James Financial, Inc.",13.9,438.0,1.0,4.1,16.4,95.8,,Financials,"2,322,299.0",1.5,21.6
RL,Ralph Lauren Corporation Class A,13.9,133.8,1.4,-7.0,22.1,63.2,3.5,Consumer Discretionary,"4,060,845.0",2.5,34.0
RMD,ResMed Inc.,76.1,27.5,0.6,15.3,23.9,56.6,14.1,Health Care,"1,836,344.0",0.6,48.1
ROK,"Rockwell Automation, Inc.",25.4,183.2,1.4,-0.1,40.8,47.8,4.5,Industrials,"2,771,598.0",1.5,37.0
ROL,"Rollins, Inc.",48.0,37.2,0.6,2.0,,48.2,13.5,Industrials,"14,733,610.0",1.0,47.7
ROP,"Roper Technologies, Inc.",47.8,70.5,1.0,-4.3,10.2,67.8,3.5,Information Technology,"1,408,841.0",0.5,22.4
ROST,"Ross Stores, Inc.",19.7,138.5,1.1,-12.1,33.8,27.5,4.3,Consumer Discretionary,"9,156,810.0",1.2,23.4
RSG,"Republic Services, Inc.",34.5,109.5,0.8,14.3,15.7,36.8,2.8,Industrials,"1,525,186.0",1.3,43.8
RTX,Raytheon Technologies Corporation,33.6,45.9,1.0,10.0,9.6,19.4,1.9,Industrials,"9,908,970.0",2.3,78.3
SBAC,SBA Communications Corp. Class A,182.0,,0.4,98.8,,46.1,,Real Estate,"1,364,665.0",0.6,108.5
SBNY,Signature Bank,21.5,46.1,1.8,45.8,16.9,,,Financials,"1,673,060.0",0.7,14.9
SBUX,Starbucks Corporation,31.9,,1.1,-11.1,,22.7,3.4,Consumer Discretionary,"13,794,950.0",1.6,50.8
SCHW,Charles Schwab Corp,29.8,43.9,1.2,19.9,17.7,88.2,,Financials,"13,209,050.0",0.9,25.5
SEDG,"SolarEdge Technologies, Inc.",92.8,54.6,1.5,75.5,13.9,32.0,7.3,Information Technology,"1,828,876.0",0.0,0.0
SEE,Sealed Air Corporation,20.9,"1,517.4",1.2,16.8,158.8,29.7,3.0,Materials,"1,625,078.0",1.1,23.6
SHW,Sherwin-Williams Company,50.5,471.7,1.0,6.4,77.2,42.5,4.5,Materials,"2,616,861.0",0.6,31.5
SIVB,SVB Financial Group,21.7,19.0,1.5,-8.7,13.5,,,Financials,"1,778,075.0",0.0,0.0
SJM,J.M. Smucker Company,23.5,56.6,0.2,-9.4,10.1,30.2,2.0,Consumer Staples,"4,796,032.0",2.9,67.8
SLB,Schlumberger NV,22.7,101.3,1.8,57.8,16.3,17.8,2.1,Energy,"23,253,990.0",1.7,37.9
SNA,Snap-on Incorporated,14.4,30.2,1.0,9.1,19.1,51.8,5.5,Industrials,"2,742,536.0",2.4,34.3
SNPS,"Synopsys, Inc.",69.2,12.6,1.2,24.4,22.1,78.7,10.4,Information Technology,"1,909,304.0",0.0,0.0
SO,Southern Company,30.6,196.9,0.6,5.0,12.6,28.2,0.9,Utilities,"13,105,970.0",3.8,116.9
SPG,"Simon Property Group, Inc.",25.6,769.0,1.9,-12.4,79.2,56.3,,Real Estate,"6,418,381.0",3.7,93.9
SPGI,"S&P Global, Inc.",37.7,231.4,1.1,-15.7,9.6,71.4,10.5,Financials,"7,745,137.0",0.7,24.6
SRE,Sempra Energy,33.0,95.5,0.8,1.9,10.6,27.9,1.1,Utilities,"3,301,154.0",3.3,109.8
STE,STERIS Plc,97.5,50.2,0.7,7.3,,43.9,3.9,Health Care,"1,436,624.0",0.7,68.1
STT,State Street Corporation,12.9,58.0,1.7,-4.4,10.3,,,Financials,"4,079,510.0",2.3,30.3
STX,Seagate Technology Holdings PLC,9.4,"5,225.7",0.9,-13.0,410.3,29.7,2.0,Information Technology,"12,113,930.0",4.0,37.6
STZ,"Constellation Brands, Inc. Class A",,93.4,0.9,7.8,15.9,52.1,3.3,Consumer Staples,"2,207,764.0",1.4,
SWK,"Stanley Black & Decker, Inc.",18.6,60.8,1.2,-40.4,9.7,33.7,2.4,Industrials,"5,218,249.0",1.6,29.3
SWKS,"Skyworks Solutions, Inc.",18.3,45.6,1.2,5.9,33.2,48.8,7.3,Information Technology,"3,222,276.0",1.3,23.0
SYF,Synchrony Financial,6.3,106.2,1.7,-20.4,20.8,91.9,,Financials,"11,763,170.0",1.9,12.0
SYK,Stryker Corporation,51.3,86.7,1.0,3.4,22.8,62.6,4.6,Health Care,"5,082,009.0",1.0,49.6
SYY,Sysco Corporation,32.7,824.0,1.2,29.3,113.2,18.0,5.5,Consumer Staples,"9,058,395.0",2.2,72.0
T,AT&T Inc.,8.9,122.4,0.3,-0.8,13.7,39.2,0.8,Communication Services,"80,102,500.0",8.5,75.3
TAP,Molson Coors Beverage Company Class B,10.0,54.4,0.8,-5.7,6.0,33.4,1.3,Consumer Staples,"7,636,927.0",1.5,14.7
TDG,TransDigm Group Incorporated,60.1,,1.5,37.1,,50.4,1.5,Industrials,"990,150.0",0.0,0.0
TDY,Teledyne Technologies Incorporated,43.5,56.3,1.0,4.8,10.1,39.0,2.8,Information Technology,"993,330.0",0.0,0.0
TECH,Bio-Techne Corporation,52.3,19.2,1.1,9.8,18.1,75.0,,Health Care,"754,320.0",0.4,19.3
TEL,TE Connectivity Ltd.,21.2,42.7,1.3,11.7,21.8,31.7,4.6,Information Technology,"2,309,148.0",1.4,28.9
TER,"Teradyne, Inc.",29.6,7.2,1.4,-34.1,29.3,59.4,15.6,Information Technology,"4,542,430.0",0.2,7.2
TFC,Truist Financial Corporation,13.1,61.8,1.1,2.1,10.2,,,Financials,"12,077,540.0",3.2,41.6
TFX,Teleflex Incorporated,32.1,53.0,1.2,-1.2,15.1,55.1,4.6,Health Care,"1,578,718.0",0.4,13.3
TGT,Target Corporation,15.4,128.4,1.1,-37.4,37.3,27.1,4.2,Consumer Discretionary,"6,726,711.0",1.6,24.0
TJX,TJX Companies Inc,26.4,208.3,0.9,10.2,61.8,28.3,4.9,Consumer Discretionary,"14,389,790.0",1.5,38.5
TMO,Thermo Fisher Scientific Inc.,34.3,89.1,0.7,-8.7,20.0,50.1,4.3,Health Care,"2,663,159.0",0.2,5.3
TMUS,"T-Mobile US, Inc.",48.1,157.5,0.4,-6.4,3.9,36.4,1.0,Communication Services,"13,762,190.0",0.0,0.0
TPR,"Tapestry, Inc.",14.5,105.6,1.5,16.5,38.7,70.9,2.8,Consumer Discretionary,"7,076,965.0",0.0,0.0
TRMB,Trimble Inc.,45.0,36.7,1.5,3.7,17.0,53.5,5.4,Information Technology,"3,569,565.0",0.0,0.0
TROW,T. Rowe Price Group,15.0,2.8,1.4,-34.6,20.1,84.4,,Financials,"16,834,690.0",2.2,32.9
TRV,"Travelers Companies, Inc.",10.8,26.4,0.6,-3.8,13.0,,,Financials,"3,991,274.0",2.2,24.1
TSCO,Tractor Supply Company,26.5,195.7,0.9,11.4,57.0,33.0,5.3,Consumer Discretionary,"3,724,673.0",0.9,24.2
TSLA,Tesla Inc,216.0,29.4,2.8,80.8,28.5,25.3,22.8,Consumer Discretionary,"25,022,670.0",0.0,0.0
TSN,"Tyson Foods, Inc. Class A",9.2,55.7,0.7,7.2,16.3,14.6,3.4,Consumer Staples,"4,757,901.0",2.3,21.1
TT,Trane Technologies plc,34.4,84.5,1.1,16.4,30.4,31.6,4.3,Industrials,"2,044,757.0",1.2,40.2
TTWO,"Take-Two Interactive Software, Inc.",42.9,6.6,0.8,-3.0,10.3,56.2,5.5,Communication Services,"4,587,832.0",0.0,0.0
TWTR,"Twitter, Inc.",,75.9,0.8,510.1,12.5,64.6,4.0,Communication Services,"34,020,190.0",0.0,
TXN,Texas Instruments Incorporated,22.8,61.5,0.9,14.5,59.5,66.7,14.3,Information Technology,"16,430,770.0",2.2,50.9
TXT,Textron Inc.,23.4,60.9,1.4,19.9,12.2,21.8,2.9,Industrials,"4,360,216.0",0.1,2.4
TYL,"Tyler Technologies, Inc.",140.8,59.7,0.9,6.8,11.9,41.8,6.3,Information Technology,"564,915.0",0.0,0.0
UAL,"United Airlines Holdings, Inc.",,816.5,1.3,"100,000.0",2.1,-15.1,0.3,Industrials,"17,064,580.0",0.0,
UDR,"UDR, Inc.",124.2,162.8,0.8,-39.8,2.7,15.0,,Real Estate,"6,087,266.0",2.4,300.1
UHS,"Universal Health Services, Inc. Class B",11.0,74.9,1.2,-15.0,12.8,10.9,2.9,Health Care,"3,238,835.0",0.6,6.8
ULTA,Ulta Beauty Inc.,20.0,120.3,1.5,11.7,59.7,39.0,5.7,Consumer Discretionary,"1,762,730.0",0.0,0.0
UNH,UnitedHealth Group Incorporated,27.8,70.1,0.8,15.0,24.8,,,Health Care,"5,228,061.0",1.1,31.0
UNP,Union Pacific Corporation,25.3,222.4,1.2,17.2,65.7,48.2,3.9,Industrials,"5,677,072.0",1.7,43.1
UPS,"United Parcel Service, Inc. Class B",14.6,179.1,0.9,6.2,58.0,17.9,4.5,Industrials,"12,027,160.0",1.9,27.8
URI,"United Rentals, Inc.",17.5,175.4,1.7,43.2,31.7,36.0,2.3,Industrials,"3,170,417.0",0.0,0.0
USB,U.S. Bancorp,11.0,82.1,0.9,-14.7,14.7,,,Financials,"11,208,060.0",3.1,34.5
V,Visa Inc. Class A,40.6,57.5,0.9,25.1,40.6,76.0,7.6,Information Technology,"33,543,160.0",0.6,23.3
VFC,V.F. Corporation,16.0,192.6,1.3,-3.7,31.5,54.9,2.8,Consumer Discretionary,"14,872,870.0",3.5,56.0
VICI,VICI Properties Inc,17.1,41.2,1.0,-14.6,6.3,98.4,,Real Estate,"46,464,620.0",4.6,78.5
VLO,Valero Energy Corporation,33.1,82.1,1.7,759.6,37.7,2.8,3.3,Energy,"7,923,334.0",5.2,172.7
VMC,Vulcan Materials Company,41.3,71.3,0.8,8.0,10.3,24.7,3.3,Materials,"1,622,628.0",0.7,29.5
VNO,Vornado Realty Trust,79.6,144.8,1.4,50.9,2.3,23.9,,Real Estate,"15,867,500.0",5.1,403.0
VRSK,Verisk Analytics Inc,56.1,128.2,0.9,9.0,39.3,51.9,6.1,Industrials,"2,812,016.0",0.5,28.4
VRSN,"VeriSign, Inc.",36.3,,1.0,10.1,,85.5,-3.1,Information Technology,"1,669,143.0",0.0,0.0
VRTX,Vertex Pharmaceuticals Incorporated,24.4,9.6,0.2,9.3,27.7,88.1,12.3,Health Care,"3,416,380.0",0.0,0.0
VTR,"Ventas, Inc.",402.8,112.6,1.5,-23.3,0.3,19.9,,Real Estate,"5,819,164.0",3.5,"1,418.4"
VTRS,"Viatris, Inc.",,114.1,0.9,-7.7,20.0,34.7,0.8,Health Care,"26,846,020.0",2.4,
VZ,Verizon Communications Inc.,9.8,217.5,0.3,-3.7,23.8,45.7,1.3,Communication Services,"39,000,830.0",4.9,47.7
WAB,Westinghouse Air Brake Technologies Corporation,31.2,42.9,1.4,14.5,8.7,27.3,2.2,Industrials,"3,451,739.0",0.5,16.2
WAT,Waters Corporation,33.4,435.7,0.8,7.3,104.0,58.3,10.7,Health Care,"1,237,648.0",0.0,0.0
WBA,"Walgreens Boots Alliance, Inc.",19.8,146.9,0.5,2.1,15.0,19.7,2.8,Consumer Staples,"26,505,620.0",3.7,73.4
WBD,"Warner Bros. Discovery, Inc. Series A",15.4,134.9,1.4,-86.8,1.6,49.1,1.4,Communication Services,"59,649,980.0",0.0,0.0
WDC,Western Digital Corporation,9.1,57.5,1.1,-63.9,7.8,31.3,,Information Technology,"6,709,431.0",,
WEC,WEC Energy Group Inc,23.6,142.9,0.3,6.7,12.0,21.3,1.2,Utilities,"4,392,154.0",2.8,65.9
WELL,Welltower Inc,374.5,83.2,1.2,-2.8,1.7,19.6,,Real Estate,"13,423,330.0",2.8,"1,065.5"
WFC,Wells Fargo & Company,9.7,106.4,1.2,-19.1,9.1,,,Financials,"31,896,110.0",1.3,12.1
WHR,Whirlpool Corporation,8.3,124.5,1.4,-15.7,29.8,20.1,2.8,Consumer Discretionary,"7,073,408.0",2.3,19.2
WM,"Waste Management, Inc.",38.9,195.5,0.8,18.2,33.1,26.9,3.3,Industrials,"3,285,098.0",1.4,53.6
WMB,"Williams Companies, Inc.",21.0,208.7,1.1,15.5,17.1,29.4,0.5,Energy,"21,602,130.0",6.3,132.0
WMT,Walmart Inc.,28.7,68.9,0.5,-11.7,18.6,25.1,4.7,Consumer Staples,"15,150,830.0",1.6,45.1
WRB,W. R. Berkley Corporation,15.0,52.2,0.6,25.2,16.3,,,Financials,"2,895,913.0",0.6,9.3
WRK,WestRock Company,15.9,76.3,0.8,40.5,10.3,16.6,1.4,Materials,"3,253,623.0",1.8,28.1
WST,"West Pharmaceutical Services, Inc.",54.1,13.9,1.0,5.8,24.0,41.5,24.4,Health Care,"912,133.0",0.1,8.1
WTW,Willis Towers Watson Public Limited Company,7.3,41.4,0.8,16.9,14.9,76.8,,Financials,"2,106,532.0",1.3,9.2
WY,Weyerhaeuser Company,11.9,48.5,1.4,-7.3,21.2,44.8,,Real Estate,"10,114,660.0",1.7,19.6
WYNN,"Wynn Resorts, Limited",,,2.3,"100,000.0",,13.0,0.5,Consumer Discretionary,"9,594,410.0",0.0,
XEL,Xcel Energy Inc.,22.9,158.9,0.4,7.3,10.5,20.9,1.0,Utilities,"5,723,157.0",2.7,61.9
XOM,Exxon Mobil Corporation,11.4,31.5,1.0,135.9,27.5,24.1,3.7,Energy,"36,375,780.0",5.7,64.8
XRAY,"DENTSPLY SIRONA, Inc.",29.2,45.4,1.0,-16.5,10.1,55.4,2.8,Health Care,"6,773,212.0",0.8,22.5
XYL,Xylem Inc.,51.0,85.5,1.0,4.5,14.0,38.1,4.1,Industrials,"3,303,177.0",0.9,47.6
YUM,"Yum! Brands, Inc.",26.6,,1.2,2.7,,48.1,2.1,Consumer Discretionary,"2,851,994.0",1.4,38.3
ZBH,"Zimmer Biomet Holdings, Inc.",66.6,58.1,1.1,-5.0,11.3,62.3,2.7,Health Care,"2,398,083.0",0.8,50.3
ZBRA,Zebra Technologies Corporation Class A,38.3,38.4,1.7,-0.6,33.3,44.7,8.1,Information Technology,"909,274.0",0.0,0.0
ZION,"Zions Bancorporation, N.A.",9.3,28.6,1.2,-12.7,15.5,,,Financials,"1,848,763.0",2.3,21.2
ZTS,"Zoetis, Inc. Class A",57.1,149.3,0.8,6.8,43.6,68.3,9.8,Health Care,"3,780,919.0",0.4,25.2
